topic,topic1,contents,label
Company,TY KU, TY KU /taɪkuː/ is an American alcoholic beverage company that specializes in sake and other spirits. The privately-held company was founded in 2004 and is headquartered in New York City New York. While based in New York TY KU's beverages are made in Japan through a joint venture with two sake breweries. Since 2011 TY KU's growth has extended its products into all 50 states.,1
Company,Odd Lot Entertainment, OddLot Entertainment founded in 2001 by longtime producers Gigi Pritzker and Deborah Del Prete (The Wedding Planner) is a film production and financing company based in Culver City California.OddLot produced the film version of Orson Scott Card's sci-fi novel Ender's Game. A film version of this novel had been in the works in one form or another for more than a decade by the time of its release.,1
Company,Henkel, Henkel AG & Company KGaA operates worldwide with leading brands and technologies in three business areas: Laundry & Home Care Beauty Care and Adhesive Technologies. Henkel is the name behind some of America’s favorite brands.,1
Company,GOAT Store, The GOAT Store (Games Of All Type Store) LLC is one of the largest retro gaming online stores and an Independent Video Game Publishing Label. Additionally they are one of the primary sponsors for Midwest Gaming Classic.,1
Company,RagWing Aircraft Designs, RagWing Aircraft Designs (also called the RagWing Aeroplane Company and RagWing Aviation) was an American aircraft design and manufacturing company based in Belton South Carolina.,1
Company,Pošte Srpske, Pošte Srpske is one of three companies responsible for postal service in Bosnia and Herzegovina. The other two are BH Pošta and Hrvatska Pošta Mostar.,1
Company,Open Kernel Labs, Open Kernel Labs (OK Labs) is a privately owned company that develops microkernel-based hypervisors and operating systems for embedded systems. The company was founded in 2006 by Steve Subar and Gernot Heiser as a spinout from NICTA. It is headquartered in Chicago while research and development is located in Sydney Australia. The company was acquired by General Dynamics in September 2012.,1
Company,Skye Bank, Skye Bank Plc. commonly known as Skye Bank is a commercial bank based in Nigeria. It is one of the twenty-six (26) commercial banks licensed by the Central Bank of Nigeria the country's banking regulator.,1
Company,CNet Technology, CNet Technology is a Taiwanese company that manufactures network equipment such as network cards switches and modems.,1
Company,188BET, 188BET is an online sportsbook provider. 188BET is owned by Cube Limited which is licensed and regulated by the Isle of Man.,1
Company,MEPC plc, MEPC plc is a leading British-based property investment and development business. It is headquartered in London. It used to be listed on the London Stock Exchange and was once a constituent of the FTSE 100 Index. It is however now owned by the British Telecom Pension Fund and the Royal Mail Pension Fund.,1
Company,Walter Aircraft Engines, Walter Aircraft Engines was a company that manufactured aircraft engines particularly the M601 turboprop. Based in Prague Czech Republic the company has been a subsidiary of GE Aviation since July 2008.,1
Company,Export-Import Bank of Romania, Exim Bank is The Export-Import Bank of Romania based in Bucharest.,1
Company,Shell Oil Company, Shell Oil Company is the United States-based subsidiary of Royal Dutch Shell a multinational oil company (oil major) of Anglo–Dutch origins which is amongst the largest oil companies in the world. Approximately 22000 Shell employees are based in the U.S. The U.S. head office is in Houston Texas.,1
Company,Anabolic Video, Anabolic Video is an American pornographic movie studio headquartered in Chatsworth California. The studio was a pioneer of gonzo pornography and is considered one of the most successful gonzo producers.,1
Company,Thon Hotels, Thon Hotels (formerly known as Rainbow Hotels) is owned by Olav Thon and was established in 1989. The Norwegian Olav Thon bought his first hotel in 1974 Hotel Bristol in Oslo.,1
Company,Cook Group, Cook Group Incorporated is an American privately held company based in Bloomington Indiana and primarily involved in manufacturing of medical devices. It was ranked #324 in Forbes' 2008 America's Largest Private Companies. It has three main divisions: Cook Medical Allied Manufacturing and Affiliates. All three divisions are made up of several subsidiary companies.The flagship company Cook Incorporated part of the Medical division was founded in 1963 in a spare bedroom in Bloomington.,1
Company,Slumberland Furniture, Slumberland Furniture Inc. is a furniture retailer in the Midwestern United States founded in 1967. Originally the company specialized in mattresses and La-Z-Boy recliners. Today Slumberland has 127 stores in 12 states. It is one of America's top sellers of La-Z-Boy upholstery and the top seller of Sealy and Simmons in the Midwest.[citation needed] The headquarters are located in Little Canada Minnesota.,1
Company,Outboard Marine Corporation, Outboard Marine Corporation (OMC) was a maker of Evinrude and Johnson boat motors and many different brands of boats. Evinrude began in Milwaukee Wisconsin in 1907. OMC was based in Waukegan Illinois. They also owned several lines of boats such as Chris Craft Lowe Boats Princecraft Four Winns SeaSwirl Stratos and Javelin. OMC was also a parent company to Ryan which made lawn mowers.OMC sold 100000 motors in 2000 and had one third of the outboard market.,1
Company,Moon River Brewing Company, The Moon River Brewing Company is a brew pub - restaurant bar and brewing facility.,1
Company,Murfin Music International, Murfin Music International and Murfin Media are companies run by Muff Murfin and are based at The Old Smithy Studios in Kempsey Worcestershire England.Murfin owns several radio stations in the UK and also hires time at its studios to produce jingles for radio. Murfin with his then music partner Colin Owen were billed as the M and O Band and reached #16 in the UK Singles Chart in March 1976 with Let's Do the Latin Hustle.,1
Company,Avista, Avista Utilities is a U.S. energy company. Avista generates and transmits electricity and distributes natural gas while providing energy solutions for residential commercial and industrial customers. Approximately 1550[citation needed] employees provides electricity natural gas and other energy services to 359000 electric and 320000 natural gas customers[citation needed] in three western states.,1
Company,Korchma Taras Bulba, Korchma Taras Bulba – the chain of restaurants which was developed by Juriy Beloivan in 1999.,1
Company,Arçelik, Arçelik A.Ş. is a household appliances manufacturer in Turkey. The Company engages in the production and marketing of durable goods components consumer electronics and after-sale services. Its products include white goods electronic products small home appliances and kitchen accessories such as refrigerators freezers washing machines dishwashers aspirators vacuum cleaners coffee makers and blenders.Arçelik A.Ş.,1
Company,Ace of Clubs Records, Ace of Clubs was owned by Decca Records in the UK and was used to reissue classical music in LP form from their back catalogue at a reduced price. Decca also owned Ace of Hearts Records which did exactly the same job but with US material.,1
Company,Aerostar, Aerostar S.A. is an aeronautical manufacturing company based in Bacău Romania.,1
Company,Shandong Gaosu Group, Shandong Gaosu Group or Shandong Hi-Speed Group Corporation (Chinese: 山东高速集团有限公司) (SDHS) is a state-owned enterprise in Jinan China engaging in the construction and management of transportation infrastructure throughout the People's Republic of China. SDHS is owned by the Shandong Provincial People's Government and plays a major role developing and managing highways airports and seaports throughout the province.,1
Company,Aras Corp, Aras Corporation is an American developer and publisher of product development software Aras Innovator. The Aras Innovator software is used for product lifecycle management (PLM) advanced product quality planning (APQP) lean product development product quality control collaborative product development and new product introduction (NPI). Aras Corp was founded in 2000 in Andover Massachusetts.,1
Company,Lam Research, Lam Research Corporation is an American corporation that engages in the design manufacture marketing and service of semiconductor processing equipment used in the fabrication of integrated circuits.,1
Company,Mataano, Mataano is a women's fashion line. Founded in 2008 it is owned by Somali-American twin fashion designers Ayaan and Idyl Mohallim. The brand is noted for its global sensibility and accent on ready-to-wear elegance.,1
Company,Delek, Delek Group is of one Israel's largest companies owned by Yitzhak Tshuva (Isaac Sharon) a self-made multi-millionaire. Delek Group is involved in the energy and infrastructure with investments in upstream and downstream energy water desalination and power plants. Delek Group' subsidiaries are also involved in insurance and financial services.,1
Company,Elcoteq, Elcoteq SE was a Finnish consumer electronics contract manufacturer EMS and ODM company headquartered in Luxembourg. The company filed for bankruptcy protection in Luxembourg on October 6 2011.It is a manufacturer of the BlackBerry and also performed repair and refurbishment services.,1
Company,CSL Behring, CSL Behring is one of the world's leading plasma protein biotherapeutics companies. Committed to saving lives and improving the quality of life for people with rare and serious diseases the company manufactures a range of plasma-derived and recombinant therapies worldwide.,1
Company,Pontificia Fonderia Marinelli, The Pontificia Fonderia Marinelli (or Marinelli Pontifical Foundry Marinelli Bell Foundry) is the successor of a bell foundry already at work in Agnone Italy in 1040. The bell foundry is considered Italy's oldest family business and among the three oldest family businesses worldwide. In addition to a bell foundry it is an artisan foundry that produces bronze portals bas-reliefs church artifacts and bell restorations.,1
Company,Black Bear Diner, Black Bear Diner is a restaurant chain in the western United States which serves homestyle and old-fashioned comfort foods. The first restaurant was opened in Mount Shasta California in 1994 founded by Bob and Laurie Manley with help from Bruce Dean. The company is based in Redding California. It now claims 62 locations in eight states.Black Bear decor has a rustic motif with over-the-top bear paraphernalia. Every restaurant is decorated with a 12-foot-tall (3.7 m) black bear carving.,1
Company,Outright, Outright is a US accounting and bookkeeping application that assists small businesses and sole proprietors with managing their business income and expenses. It also provides them with a means to organize and categorize expenses for filing a Schedule C.,1
Company,Spin Records (American label), For the Australian record label of the same name see Spin Records (Australian label).Spin Records was a record label jointly owned by songwriter Otis René and rhythm and blues performer and music arranger Preston Love.,1
Company,Crossbeam Systems, Crossbeam Systems is headquartered in Boxborough Massachusetts and has offices in Europe Latin America and Asia Pacific. Crossbeam Systems was acquired by Blue Coat Systems in December 2012 and the Crossbeam brand has been fully absorbed into Blue Coat.,1
Company,Payden & Rygel, Payden & Rygel is a privately owned investment management firm based in Los Angeles with $85 billion AUM founded in 1983 by Joan Payden. The firm offers a range of mutual funds with debt and public equity based strategies. The firm's economists and portfolio managers have also been quoted by financial news organizations such as the Financial Times The Wall Street Journal and Bloomberg Businessweek.,1
Company,Sarpsborg Papp, Sarpsborg Papp AS was a Norwegian industrial company which ran a packaging plant in Sarpsborg Norway.Founded in 1914 as Sarpsborg Emballagefabrik it was the first corrugated paper factory in Norway. In 1961 the company was acquired by M. Peterson & Søn. It was M.,1
Company,Carnival Films, Carnival Films is an award winning British television production company based in London UK. It has produced television series for all the major UK networks including the BBC ITV Channel 4 and Sky as well as a number of international broadcasters including PBS A&E HBO and NBC. Its productions vary from single dramas and long-running television drama to feature film and stage productions.,1
Company,FTL Games, FTL Games (Faster Than Light) was the video game development division of Software Heaven Inc. FTL created several popular video games in the 1980s and early 1990s. Despite the company's small size FTL products were consistently number-one sellers and received the highest critical acclaim and industry awards.FTL was founded by Wayne Holder in 1982. Holder started Software Heaven and FTL as its game division after founding Oasis Systems which specialized in spell checking software.,1
Company,Aller Media, Aller Media is a magazine publisher in the Nordic countries headquartered in Copenhagen Denmark. It publishes Elle Cafe Femina Allers and Se & Hør.,1
Company,SOCIS, SOCIS (Ukrainian: TOB „СОЦІС - Центр соціальних та політичних досліджень) is a political sociology company in Ukraine. It was one of the companies that performed rolling and exit polls for Ukrainian elections in 1998 2002 2004 and Ukrainian referendum in 2000. The company has been a member of The Gallup Organization since 1994.,1
Company,Arlen Realty and Development Corporation, Arlen Realty & Development Corporation also known as Arlen was an American REIT founded in 1959 by Arthur G. Cohen Arthur N. Levien and Marshall Rose. It is notable as one of the largest publicly traded REIT's in the 1970s. Arlen began by developing suburban shopping centers throughout the country and in 1971 purchased national discount retail chain E.J. Korvette.,1
Company,Mydin, Mydin is a Malaysian chain of hypermarket supermarket & emporiums. It is notable for bringing local & overseas products at affordable prices catering to a large segment of Malaysian population.[citation needed],1
Company,K.A. Rasmussen, K. A. Rasmussen AS (abbreviated KAR) is a Norwegian precious metal company specialized in the fabrication of semi-manufactured bars and wires for various metal industries as well as catalysts for chemical industries.,1
Company,Linxair, Linxair was a business airline based in Slovenia. It was established and started operations in 1999 at its base Ljubljana Jože Pučnik Airport (LJU). Was the fastest growing aviation company in Slovenian history and biggest business aviation operator in the area of former Yugoslavia. But due to financial difficulties started in 2009 company ceased commercial operations in 2012. Small part of fleet continued operation under another operator SiAvia.,1
Company,Teichiku Records, Teichiku Records is a Japanese record label run by the Teichiku Entertainment company that specialises in enka kayōkyoku and similar music. Teichiku is an abbreviation for Teikoku Chikuonki (帝国蓄音機 imperial records) the former name of the company. Teichiku Entertainment also runs the record labels Imperial Records Takumi Note and Union Records (ユニオンレコード yunion rekōdo).It is a division of JVC Kenwood Holdings Victor Entertainment's parent.,1
Company,Explosia a.s., Explosia a.s. is an explosives manufacturer in Semtín a suburb of Pardubice in the Czech Republic. The company was established in 1920. Its most famous product is the Semtex malleable explosive the name is formed as a combination of the first letters of the Semtín village and the company name.,1
Company,DEME, Dredging Environmental and Marine Engineering NV (in short DEME) is an international group of specialised companies in the field of capital and maintenance dredging land reclamation port infrastructure development offshore related services for the oil & gas industry farshore windfarm installation environmental remediation a.o. The groupis based in Zwijndrecht Belgium and has current operations on the five continents. The roots of the group date back to the mid 19th century.,1
Company,Government of the Democratic Republic of the Congo, The Government of the Democratic Republic of the Congo is the second institution in the central executive branch of the Democratic Republic of the Congo the first institution being the President of the Democratic Republic of the Congo who has the title of head of state.,1
Company,Unibuss, Unibuss formerly known as Nexus Trafikk and Sporveisbussene AS is a Norwegian bus company group that operates from Oslo Norway. It is a subsidiary of the municipal transportation group Sporveien and was created in 2003 so the company could compete for the public service obligation (PSO) contracts that Oslo was to operate the bus system through. Unibuss has about 1600 employees 650 buses and a revenue of NOK 1278 million in 2010.,1
Company,LOT Polish Airlines, Polskie Linie Lotnicze LOT S.A. (Polish pronunciation: [ˈlɔt] Flight) trading as LOT Polish Airlines is the flag carrier of Poland. Based in Warsaw LOT was established in 1929 making it one of the world's oldest airlines still in operation. Using a fleet of 55 aircraft LOT operates a complex network to 60 destinations in Europe the Middle East North America and Asia.,1
Company,Pressed Steel Company, Pressed Steel Company Limited was a British car body manufacturing business founded at Cowley near Oxford in 1926 as a joint venture between William Morris Budd Corporation of Philadelphia USA which held the controlling interest and a British / American bank J. Henry Schroder & Co[citation needed] At that time the company was named The Pressed Steel Company of Great Britain Limited. It acquired Budd's patent rights and processes for use in the United Kingdom.,1
Company,Cerruti, Cerruti is a fashion house founded in 1967 in Paris by the Italian stylist and fashion designer Nino Cerruti.The Cerruti house designs manufactures distributes and retails luxury ready-to-wear jeans fragrances sportswear leather goods watches and accessories.,1
Company,Leopold Bros., Leopold Bros. is a family-owned and operated distillery located in Denver Colorado.,1
Company,Suprema Inc., Suprema is a biometrics research development and manufacturing company. It provides fingerprint IP readers for physical access control systems USB readers for PC authentication and core fingerprint modules for embedded applications.,1
Company,Uzi Suicide, UZI Suicide was a vanity label that was created by Guns N' Roses to release their first record Live ?!*@ Like a Suicide. While seemingly an independent label it was actually created by Geffen Records. Guns N' Roses' debut album Appetite for Destruction was officially released through Geffen.,1
Company,Kosmos Energy, Kosmos Energy is an American international oil company founded and based in Dallas Texas. It also maintains offices in the Bermudas Morocco Suriname and Ghana. It has been involved in the discovery and development of the Jubilee oil field off the coast of Ghana.Kosmos was a focus of the BBC documentary Storyville: Power Money Greed and Oil.,1
Company,Campus Management Corp., Campus Management Corp. is a private company that provides software and services to colleges universities foundations and other companies.,1
Company,Cervélo, Cervélo Cycles is a Canadian manufacturer of racing bicycle frames. Cervélo uses CAD computational fluid dynamics and wind tunnel testing at a variety of facilities including the San Diego Air and Space Technology Center in California USA to aid its designs. Frame materials include carbon fibre.,1
Company,Manchester University Press, Manchester University Press is the university press of the University of Manchester England and a publisher of academic books and journals. Manchester University Press has developed into an international publisher. It maintains its links with the University and is the third largest university press in the United Kingdom after Oxford University Press and Cambridge University Press.,1
Company,Omniture, In 2009 Adobe Systems acquired Omniture an online marketing and web analytics business unit in Orem Utah. Until 2011 Omniture operated as a business unit within Adobe as the Omniture Business Unit but as of 2012 Adobe began retiring the Omniture name as former Omniture products were integrated into the Adobe Marketing Cloud.,1
Company,BancorpSouth, BancorpSouth Inc. is a bank holding company headquartered in Tupelo Mississippi. As of March 2012 it had nearly $13.3 billion in assets. The company has over 4400 employees.,1
Company,Aeneas Internet and Telephone, Aeneas Communications LLC operating as Aeneas Internet and Telephone is a telecommunications provider headquartered in Jackson Tennessee. Aeneas Communications offers Internet access local and long distance service in Tennessee Voice over IP colocation business telephone systems commercial e-mail WAN (Wide area network) commercial web hosting Internet backbone connectivity for businesses and disaster preparedness options.It serves all of the state of Tennessee.,1
Company,ECi Software Solutions, ECi Software Solutions is a business management and e-commerce software publisher primarily serving small and medium sized businesses in the office products and furniture construction supplies hardware sanitation manufacturing and distribution industries. ECi is a subsidiary of eCommerce Industries Inc.ECi was founded in 1999 and is based in Fort Worth Texas.ECi holds a ‘Connect Conference’ a national meeting for its software users and strategic partners.,1
Company,Ocean Shores Video, Ocean Shores Video (Hong Kong) Co Ltd (Chinese: 海岸贡献錄影 (香港) 有限公司 or Chinese: 海岸贡献) is the home video division of Win's Entertainment (Hong Kong) Co Ltd. The company is owned by Television Broadcasts Limited the entertainment division of Panasonic Pioneer and Philips was a Hong Kong based distributor of martial arts films in the 1980s.Ocean Shores was a video company that ran major distribution rights to many of the biggest indie and later Shaw Brothers and Golden Harvest movies.,1
Company,Desire Petroleum, Desire Petroleum plc (LSE:DES) is an oil and gas exploration company headquartered in Malvern United Kingdom. It owns offshore exploration and production licences in the North Falkland Basin in the waters north of the Falkland Islands and its core focus is to develop the basin into a major new hydrocarbon province.Desire Petroleum is listed on the Alternative Investment Market of the London Stock Exchange.,1
Company,Zagtoon, Zagtoon is a production company specialized in animated series for kids founded in 2009 by Jeremy Zag and Jacqueline Tordjman co-founder of Saban Entertainment which has launched series such as Power Rangers and scored the soundtracks for series such as Inspector Gadget. Zagtoon develops properties worldwide through Europe the United-States and Asia.,1
Company,Nationale Regionale Transport, Nationale Regionale Transport is a domestic airline based in Libreville Gabon. Its main base is Libreville International Airport.The airline is on the list of air carriers banned in the European Union.,1
Company,R. Hoe & Company, R. Hoe & Company was a New York City based printing press manufacturer established by Peter Smith Matthew Smith (?–1822) and their brother-in-law English emigrant Robert Hoe (1784–1833) in 1805 as Smith Hoe & Company.,1
Company,Mercury Records, Mercury Records is an American-based record label owned by Universal Music Group. In the United States it operates through Island Records; in the UK it is distributed by Virgin EMI Records.,1
Company,SsangYong Motor Company, SsangYong Motor Company or SsangYong Motor (Korean: 쌍용자동차 IPA: [s͈aŋjoŋ dʑadoŋtɕʰa]) is the fourth largest South Korea-based automobile manufacturer. The name SsangYong means double dragons.A 70% share of SsangYong was acquired by Indian Mahindra & Mahindra Limited in February 2011 after being named the preferred bidder in 2010 to acquire the bankruptcy-protected company. Mahindra's acquisition was approved by South Korea's Free Trade Commission.,1
Company,Jugos del Valle, Jugos del Valle (Del Valle Juices) is one of the biggest producers of fruit juices and beverages in Mexico. It has been active since 1947. Today Jugos del Valle is one of the leading food juice and beverage companies in Mexico. Del Valle owns popular brands like Val-Vita Barrilitos and Florida 7. Operations range from the USA to Brazil Venezuela and Puerto Rico keeping up with leadership in innovation productivity and service.,1
Company,Applied Science International, Applied Science International LLC aka ASI is a United States based company headquartered in Raleigh North Carolina that provides advanced engineering design and analysis software and services to the DHS United States Department of Defense Engineering Firms Demolition Contractors and Universities.,1
Company,Baupost Group, The Baupost Group LLC is a hedge fund founded in 1982 by Seth Klarman who continues to run the fund. Baupost Group's investment philosophy emphasizes risk management. The firm one of the largest hedge funds in the world is a value investing manager. According to Bloomberg L.P. Baupost is ranked 4th in net gains since inception.,1
Company,Sheetz, Sheetz Inc. is a chain of gas stations/convenience stores owned by the Sheetz family. Its headquarters are in Altoona Pennsylvania. Stores are located in Maryland North Carolina Ohio Pennsylvania Virginia and West Virginia.Sheetz has long employed the Z that the name ends with in various marketing efforts. These include the Sheetz loadable gift card the Z card; the Sheetz breakfast sandwich known and marketed as Shmuffinz; and their Nachoz.,1
Company,Probitas Partners, Probitas Partners is a global investment bank focused on raising capital as a placement agent for private equity fund sponsors as well as providing portfolio management and liquidity solutions through the private equity secondary market for investors in private equity. The firm operates through three primary businesses: fund placement portfolio management and secondary advisory.,1
Company,Les Disques du Crépuscule, Les Disques Du Crépuscule is a Belgian independent record label. The label was founded in 1980 by Michel Duval and Annik Honoré. It is now run by former employee James Nice.Crépuscule translates as twilight with most of the label's catalogue numbers being prefixed by the letters TWI.,1
Company,TARBS World TV, Television And Radio Broadcasting System more commonly known as TARBS World TV was an Australian Subscription Television Service broadcasting predominantly ethnic (and mainly non-English) stations into Australia. TARBS commenced operations in 1995 and had around 57000 subscribers until July 2004 when the company went into receivership.,1
Company,Patriot Rail Corporation, Patriot Rail Corporation is a holding company for a number of shortline railroads across the United States including one contract operation in North Carolina. The company was started in 2006 by RailAmerica co-founders Gary Marino and John Marino and is headquartered at Boca Raton Florida. In January 2011 Patriot Rail purchased the railroads of the Weyerhaeuser Company which effectively doubled the number of Patriot Rail holdings.,1
Company,Orenstein & Koppel, Orenstein & Koppel (normally abbreviated to O&K) was a major German engineering company specialising in railway vehicles escalators and heavy equipment. It was founded on April 1 1876 in Berlin by Benno Orenstein and Arthur Koppel.Originally a general engineering company O&K soon started to specialise in the manufacture of railway vehicles. The company also manufactured heavy equipment and escalators. O&K pulled out of the railway business in 1981.,1
Company,Maire Tecnimont, Maire Tecnimont SpA is the parent company of the Italian group Maire Tecnimont which consists of at least 50 operating companies in the engineering and main contracting sector. It deals in oil and gas chemicals and petrochemicals energy infrastructure and civil engineering. It is also active in the renewable energy sector in the provision of project management engineering procurement and construction.,1
Company,Priestman Brothers, Priestman Brothers was an engineering company based in Kingston upon Hull UK that manufactured diggers dredgers cranes and other industrial machinery. In the later 1900s the company also produced the Priestman Oil Engine an early design of oil fuelled internal combustion engine.,1
Company,Hickory Tech, HickoryTech Corporation (NASDAQ: HTCO) is an integrated communication service provider. The company operates its business under the name of HickoryTech and Enventis through three segments including Fiber and Data Equipment and Telecom. The company was founded in 1898 and is headquartered in Mankato Minnesota. It is a supplier of Smartnet maintenance contracts with its partner Cisco systems. The company’s telecom segment serves about 13 Minnesota communities and 13 lowa communities.,1
Company,Amsoft, Amsoft was a wholly owned subsidiary of Amstrad PLC founded in 1984 and re-integrated with its parent company in 1989. Its purpose was to provide an initial infrastructure of software and services for users of Amstrad's range of home computers the Amstrad CPC and from 1986 the Sinclair ZX Spectrum. Many people's first contact with software on an Amstrad home computer would have been an Amsoft title as several titles were included in the sales bundles.,1
Company,Domo (company), Domo is an American computer software corporation headquartered in American Fork Utah United States. The area is referred to as Silicon Slopes.,1
Company,Ranik Ultimate Fighting Federation, Ranik Ultimate Fighting Federation (RUFF) is the first Chinese mixed martial arts (MMA) organization sanctioned by the General Administration of Sport of China. The winners of the title fights will be crowned as the national MMA champions of China in their respective weight classes. RUFF held its first event in August 2011 in Shanghai before presenting in Chongqing Hohhot Nanjing and Sanya.,1
Company,Mexican Council on Foreign Relations, The Mexican Council on Foreign Relation 'COMEXI (in Spanish Consejo Mexicano de Asuntos Internacionales) was established the 22 November 2001. So far it is the only plural and multidisciplinary forum focused in the debate and analysis of Mexico’s role in the world and the growing influence of international events on the national agenda. The Council is a civic association nonprofit and independent of government. It is financed entirely by its member's contributions,1
Company,Varèse Sarabande, Varèse Sarabande is an American record label distributed by Universal Music Group which specializes in film scores and original cast recordings. It aims to reissue rare or unavailable albums as well as newer releases by artists no longer under a contract. The label's name was derived from combining French-born composer Edgard Varèse's last name with the musical term sarabande a slow Spanish dance.,1
Company,D3 LED, D3 LED LLC (D3) is a company that manufactures turnkey LED (light emitting diode) displays and digital media solutions for advertisers architects retailers sports and entertainment venues and transportation authorities.,1
Company,Exco International, Exco International was a leading British money brokering company. It was listed on the London Stock Exchange and was once a constituent of the FTSE 100 Index but was acquired by British & Commonwealth Holdings in 1986.,1
Company,Investment AB Öresund, Investment AB Öresund is a Swedish investment company controlled by Mats Qviberg and Sven Hagströmer.,1
Company,Hitachi Power Systems Canada, Mitsubishi Hitachi Power Systems Canada Ltd. (MHPSC) located in Saskatoon Saskatchewan Canada was established in 1988 and is part of the Mitsubishi Hitachi Power Systems Group. In 2012 the company merged its Canadian operations in Calgary Mississauga and Saskatoon into one company with its headquarters based in Saskatoon.,1
Company,Société Nationale d'Investissement, Société Nationale d'Investissement (SNI) or National Investment Company is a large private Moroccan holding company controlled by the Moroccan royal family. The holding company used to be the majority shareholder of the now defunct ONA Group until the activities of the latter were absorbed into the SNI and subsequently disposed of.In 2012 the company's consolidated turnover was 53 billion MAD and its net income was 5 billion MAD,1
Company,Maine Chance Farm, Maine Chance Farm was an American Thoroughbred horse racing stable in Lexington Kentucky owned by cosmetics tycoon Elizabeth Arden. Elizabeth Arden raced under the nom de course Mr. Nightingale until 1943 when she adopted the name Maine Chance Farm from her health spa in Mount Vernon Maine. During the nineteen forties and fifties the Maine Chance Farm racing stable was a major force in American horse racing.,1
Company,Convair, Convair was an American aircraft manufacturing company which later expanded into rockets and spacecraft. The company was formed in 1943 by the merger of Consolidated Aircraft and Vultee Aircraft and went on to produce a number of pioneering aircraft such as the Convair B-36 bomber the F-102 Delta Dagger and the F-106 Delta Dart. It also manufactured the first Atlas rockets including the rockets that were used for the pioneering manned orbital flights of Project Mercury.,1
Company,D&G Bus, D&G Bus is a bus operator based in Crewe in Cheshire.,1
Company,Dolmar, Dolmar GmbH is one of the oldest manufacturers of portable gasoline chainsaws and is headquartered in Hamburg Germany. The company founder Emil Lerp developed in 1927 the type A saw which weighed 125 lb and required two men to operate. It was tested on Mount Dolmar in the Thüringer forest and the company took its name from the test site. In 1991 the company was acquired by Japanese tool manufacturer Makita.,1
Company,Alapahoochee River, The Alapahoochee River is a 14.4-mile-long (23.2 km) tributary of the Alapaha River in Georgia and Florida in the United States. Via the Alapaha and Suwannee rivers its waters flow to the Gulf of Mexico.The river rises on the boundary between Lowndes and Echols counties at the confluence of Grand Bay Creek and Mud Creek about 10 miles (16 km) southeast of Valdosta.,0
Company,Lovely Seat, Lovely Seat is a fell in the Yorkshire Dales National Park in North Yorkshire England which reaches a height of 675 metres (2215 feet). It is situated at grid reference SD878950 five kilometres north of the town of Hawes and is part of the high ground which separates Wensleydale from Swaledale. It is the highest point of Abbotside Common.,0
Company,Cibi Lake, Cibi Lake (Chinese: 茈碧湖; pinyin: Cíbì Hú) is a lake in Eryuan County northwestern Yunnan Province China. It lies about 73 km north of Dali City. It is fed by the Fengyu River and drains southward into the Erhai Lake via the Miju River (the upstream of it called Haiwei River).The lake is 6.1 km long and 0.75–2.5 km wide with a 17 km shoreline.,0
Company,Asiak River, The Asiak River is a waterway in the Kitikmeot Region of Nunavut in Canada. It flows generally north to Coronation Gulf an arm of the Arctic Ocean. It runs parallel to the Coppermine River 29 km (18 mi) to the west.The Inuit community of Kugluktuk (formerly Coppermine) is located at the mouth of the Coppermine River approximately 30.5 km (19.0 mi) to the west.,0
Company,Rikkavesi, Rikkavesi is a medium-sized lake in eastern Finland. At approximately 63 square kilometres (24 sq mi) it is the 66th largest lake in Finland. Rikkavesi is situated in the municipalities of Kaavi Outokumpu and Tuusniemi.Rikkavesi is 101 metres (331 ft) above the sea level. Kaavinjärvi and Rikkavesi are connected by the Kaavinkoski Canal. Ohtaansalmi strait flows from Rikkavesi to Juojärvi.,0
Company,Creața River, The Creața River is a tributary of the Șercăița River in Romania.,0
Company,Salcantay, Salcantay (Nevado Salcantay) or Salkantay (Nevado Salkantay) Sallqantay in Quechua is the highest peak of the Willkapampa mountain range part of the Peruvian Andes. It is located in the Cusco Region about 60 km (40 mi) west-northwest of the city of Cusco. It is the 38th highest peak in the Andes and the twelfth highest in Peru. However as a range highpoint in deeply incised terrain it is the second most topographically prominent peak in the country after Huascarán.,0
Company,Monte Forcola, Monte Forcola (2906 m) is a peak in Graubünden Switzerland close to the Italian border. Approximately 200 metres south of the summit (at the Italian border) is located the triple watershed of the Adige Po and Danube basins (2896 m).,0
Company,Timișaț Canal, The Timișaț Canal or Timișaț River is a drainage canal located between the Bega River and Timiş River. It flows into the Timiş River in the proximity of the village of Grâniceri. For a short reach of 95 m the Timișaț Canal defines the border between Romania and Serbia.,0
Company,Peyto Peak, Peyto Peak is a mountain in the Waputik Range part of the Canadian Rockies in Alberta Canada. It lies at the north end of the Wapta Icefield in Banff National Park about one km (0.6 mi) east of the border with British Columbia and 32 km (20 mi) north of the town of Field. Five kilometres to the northeast lies Bow Pass one of the high points of the Icefields Parkway. Between the peak and the pass lies picturesque Peyto Lake.,0
Company,Tigwa River, Tigwa River is a river in Bukidnon Philippines. Its drainage area is located in the northern part of the municipality of San Fernando. It is one of the major tributaries of the Pulangi River.,0
Company,Purandar fort, Purandar fort (also called Purandhar fort) पुरंदर किल्ला (in Marathi) figures repeatedly in the rising of Shivaji against the Bijapur kingdom and the Mughals. Purandhar fort stands 4472 ft. above the sea (1387 m) in the Western Ghats 20 miles southeast of Pune. It actually consists of two forts - Purandar and Vajragad (or Rudramal). The latter is the smaller of the two and is on the eastern side of the main fort. The village Purandar takes its name from this fort.,0
Company,Hartshead Pike, Hartshead Pike is a hill in Tameside in Greater Manchester England and its name is associated with the monument on its summit. It overlooks Ashton-under-Lyne Mossley and Oldham. Hartshead Pike Tower has been a Grade II Listed building since 1967.,0
Company,Nainital Lake, Nainital Lake a natural freshwater body situated amidst the township of Nainital in Uttarakhand State of India tectonic in origin is kidney shaped or crescent shaped and has an outfall at the southeastern end.Nainital Lake in the Nainital district called the Lake District of India is one of the four Lakes of Kumaon hills; the other three lakes are the Sattal Lake the Bhimtal Lake and the Naukuchiyatal Lake.,0
Company,Flattnitz Pass, Flattnitz Pass (el. 1400 m.) is a high mountain pass in the Austrian Alps in the Bundesland of Kärnten (or Carinthia).It connects the Gurk River valley with the Mur River valley. On the Styrian side it leads to Stadl an der Mur.A high-altitude sanatorium or Luftkurort is located near the pass.,0
Company,Ponor River (Nera), The Ponor River is a tributary of the Miniş River in Romania. It joins the Miniș through a system of caves.,0
Company,Bucmer River, The Bucmer River is a tributary of the Camăr River in Romania.,0
Company,Hess (crater), Hess is a lunar crater that lies in the southern hemisphere on the far side of the Moon. The crater rim has been worn by subsequent impacts leaving a low eroded outer wall. The flat interior has been resurfaced by lava flows and is free of significant impacts. This floor has a slightly darker albedo than the surrounding terrain.The crater Boyle is nearly attached to the northeastern rim of Hess and Abbe lies to the south.,0
Company,Monte Ortigara, Monte Ortigara is a mountain of the Veneto Italy. It has an elevation of 2105 metres.it:Monte Ortigara,0
Company,Lavagna (river), The Lavagna is an Italian river in the province of Genoa. Its source is near Neirone and it flows southeast before emptying into the Ligurian Sea between Chiavari and Lavagna. Two tributaries join this river near its mouth.,0
Company,Stony Fork Creek, Stony Fork Creek (shown as Stony Fork on federal maps is a 4.1-mile-long (6.6 km) tributary of Babb Creek in Tioga County in the U.S. state of Pennsylvania.,0
Company,Vitello (crater), Vitello is a lunar crater that lies along the southern edge of the small Mare Humorum in the southwest part of the Moon's near side. It lies just to the east of the lava-flooded crater Lee. To the northeast along the edge of the lunar mare is the Rupes Kelvin an irregular fault line.This crater has a low roughly circular rim with a sharp edge. The interior floor is irregular rugged and hilly with a smaller concentric crater offset to the east of the midpoint.,0
Company,Valea Iermarului River, The Valea Iermarului River is a tributary of the Finiș River in Romania.,0
Company,Monte Barone, Monte Barone is a mountain of the Alpi Biellesi a sub-range of Pennine Alps. Due to its isolation offers a noteworthy point of view towars Po plain and can be seen from quite a long distance (i.e. from Turin).,0
Company,Immenstädter Horn, Immenstädter Horn is a mountain of Bavaria Germany.,0
Company,Sororò River, The Sororò River is a river of Pará state in north-central Brazil.,0
Company,Mount Arvon, Mount Arvon elevation 1979 feet (603 m) located in L'Anse Township Baraga County is the highest natural point in the U.S. state of Michigan. Like nearby Arvon Township Michigan Mount Arvon takes its name from the deposits of slate in the area which were reminiscent of those around Caernarfon in Wales. Mount Arvon is part of the Huron Mountains. It rises about 8 miles (13 km) south of Lake Superior (elevation 591 feet (180 m)). On the list of highest natural points in each U.S.,0
Company,Panther Lake, Panther Lake is a lake located on Vancouver Island on Forbidden Plateau south of Lake Helen MacKenzie.,0
Company,East Branch Union River, The East Branch Union River is a 21.6-mile-long (34.8 km) river in Hancock County Maine. From the outflow of Rocky Pond (44°47′33″N 68°08′34″W) in Maine Township 22 M D the river runs 5.3 miles (8.5 km) southwest to Spectacle Pond in Osborn. From the pond's outlet the river runs 13.0 miles (20.9 km) northwest southwest west and southwest to Graham Lake where it joins the West Branch to form the Union River.,0
Company,Wesebach, Wesebach is a river of Hesse Germany.,0
Company,Pârâul Morii (Tecşe), The Pârâul Morii is a tributary of the Nireş River in Romania.,0
Company,Doi Mae Salong, Doi Mae Salong (Thai: ดอยแม่สลอง) is a mountain in Thailand part of the Daen Lao Range. It is located in the northern part of Chiang Rai Province only 6 km from the border with Burma.This mountain rises in Mae Fa Luang District. Its summit is located near the town of Santikhiri which is built on the ridge.This mountain is famous because a Kuomintang military division created a settlement near it in 1961 after having been expelled from Burma.,0
Company,Fischer (crater), Fischer is a lunar crater that lies in the northeastern part of the interior floor of the huge walled plain Mendeleev. This feature is located on the far side of the Moon relative to the Earth and can only be viewed from a spacecraft.This crater has a slender circular rim and an interior that has the same low albedo as the surrounding floor. There is a smaller impact crater within the interior adjacent to the northwestern inner wall.,0
Company,Lac Chambon, Lac Chambon is a lake in Puy-de-Dôme France. At an elevation of 877 m its surface area is 0.6 km².,0
Company,Green River (North Fork Toutle River), Not to be confused with the Green River in King County Washington.The Green River is the largest tributary of the North Fork Toutle River in the U.S. state of Washington. Situated near Mount Saint Helens in the Cascade Range in the southern part of the state it flows generally west through wild forested valleys for 37.4 miles (60.2 km).,0
Company,Lone Walker Mountain, Kootenai Peak (8502 feet (2591 m)) is located in the Lewis Range Glacier National Park in the U.S. state of Montana. Lone Walker Mountain is situated immediately southwest of Upper Two Medicine Lake along the Continental Divide.,0
Company,Clarence River (Alaska–Yukon), Clarence River is a 50-mile (80 km) long river that flows through the Yukon Territory of Canada and the U.S. state of Alaska into the Beaufort Sea.,0
Company,Limpedea River (Firiza), The Limpedea River is a tributary of the Jidovoaia River in Romania.,0
Company,Kilsfjord Møre og Romsdal, Kilsfjorden is a fjord in Volda Municipality in Møre og Romsdal county Norway. It is located along the European route E39 highway in the central part of the municipality about 6 kilometres (3.7 mi) east of the Dalsfjorden. The Kilsfjorden is located in the Sunnmørsalpene mountains and it flows north and joins the Austefjorden to form the Voldsfjorden.,0
Company,Alpetragius (crater), Alpetragius is a lunar impact crater located on the eastern edge of Mare Nubium to the southwest of the much larger crater Alphonsus. In the southeast is the prominent crater Arzachel and to the west lies the flooded Lassell.The most notable feature of this crater is the disproportionately large central peak which forms a rounded rise that occupies almost the entire crater floor—one-third the crater diameter—and rises to a height of 2.0 km.,0
Company,Mount Bishop (Camelsfoot Range), Mount Bishop is a mountain in the Camelsfoot Range in the Lillooet Country of the Central Interior of British Columbia. Named for an old settler it is located four km north of the settlement of Moha which is at the confluence of the Bridge and Yalakom Rivers.,0
Company,Mount Kilimanjaro climbing routes, There are several routes by which to reach Kibo or Uhuru Peak the highest summit of Mount Kilimanjaro namely Marangu Rongai Lemosho Shira Umbwe and Machame. Annually approximately 15000 people attempt to reach the summit of the mountain of whom 40 percent do so.,0
Company,Hofsjökull, Hofsjökull (Icelandic: “temple glacier”) is the third largest glacier in Iceland after Vatnajökull and Langjökull and the largest active volcano in the country. It situates at the west of the Highlands of Iceland and north of the mountain range Kerlingarfjöll between the two largest glaciers of Iceland. It covers an area of 925 km2 reaching 1765 m (5791 ft) at its summit.,0
Company,Fuchseck, The Fuchseck is a 762m high mountain on the northern edge of the Swabian Alb in Baden-Württemberg Germany.The mountain is surrounded by the towns of Gammelshausen Eschenbach Schlat and Bad Ditzenbach. The summit is on the municipal border of Schlat in the Göppingen District. The mountain is popular for its hiking and mountain biking opportunities.Nearby mountains include the Wasserberg and Sielenwang.,0
Company,Roan Creek (Colorado), Roan Creek is a 45.7-mile-long (73.5 km) tributary of the Colorado River in Garfield County Colorado.,0
Company,Lissmasjön, Lissmasjön is a lake of Södermanland Sweden.,0
Company,Ritacuba Blanco, Ritacuba Blanco is the highest peak of Cordillera Oriental in the Andes Mountains of Colombia. It's also named Ritak'uwa an ancient name from the U'wa indigenous people that live in the lowlands of the National Park Sierra Nevada del Cocuy y Güicán where the Ritacuba Blanco is located. The summit is accessible from the west via the town of El Cocuy the village of Güicán and the hamlet of Las Cabañas.,0
Company,Rudari River, The Rudari River or Rudaru River is a tributary of the Lotru River in Romania.,0
Company,St. Marks River, The St. Marks River is a river in the Big Bend region of Florida. It has been classified by the Florida Department of Environmental Protection as an Outstanding Florida Water and is the easternmost river within the Northwest Florida Water Management District.The St. Marks River begins in eastern Leon County Florida and flows 36 miles (58 km) through Leon and Wakulla counties into Apalachee Bay an arm of the Gulf of Mexico. It has a drainage basin of 1150 square miles (3000 km2) in size.,0
Company,Sylvania Mountains, The Sylvania Mountains are located in Inyo County California and Esmeralda County Nevada in the United States. The range trends in an east-west direction north of the Last Chance Range at the northern end of Death Valley National Park.The Last Chance Range and Death Valley are to the south Slate Ridge is to the southeast and the Palmetto Mountains are adjacent to the east.,0
Company,Lake Burrendong, Lake Burrendong is a man-made reservoir created by Burrendong Dam impounding waters on the Macquarie and Cudgegong rivers near Wellington in the central west region of New South Wales Australia.,0
Company,Mountain Springs Summit, Mountain Springs Summit [el. 5502 ft (1677 m)] is a mountain pass in the Spring Mountains of Southern Nevada in the United States.The pass is on the summit of a ridge in the Spring Mountains between the Mount Charleston area and the rest of the Mojave Desert and is located on the border of the Humboldt-Toiyabe National Forest and Red Rock Canyon National Conservation Area. The pass connects the Pahrump Valley with the Las Vegas Valley and it is traversed by State Route 160.,0
Company,Valea Mare River (Moldova), The Valea Mare River is a tributary of the Moldova River in Romania.,0
Company,Etzel (mountain), The Etzel (el. 1098 m.) is a mountain in the Alps on the south side of Lake Zurich in the canton of Schwyz in Switzerland.,0
Company,Twofold Bay, Twofold Bay is an open oceanic embayment that is located in the South Coast region of New South Wales Australia.The bay was named by George Bass for its shape of two bights. The northern bight is called Calle Calle Bay; while the southern bight is known as Nullica Bay.The bay is also known for the Killers of Eden the killer whales which helped a group of whalers in their search for other whales. The best-known of these was Old Tom whose skeleton is preserved in Eden's local museum.,0
Company,Volcan Rumoka, Volcan Rumoka also known as Rumoka and Le Rumoka is a cinder cone volcano in Nord-Kivu Democratic Republic of the Congo (formerly known as Zaire). The volcano is a minor satellite cone on the flanks of the massive shield volcano of Nyamuragira. It is located about 16 km (10 mi) south of Nyamuragira's caldera.,0
Company,Dezna River, The Dezna River is a headwater of the Sebiș River in Romania.,0
Company,Diky Greben, Diky Greben (Russian: Дикий гребень) is a lava dome complex located in the southern part of Kamchatka Peninsula Russia. Kurile Lake caldera is located immediately to the east.,0
Company,Thunderbolt Peak, Thunderbolt Peak is a peak in the Palisades group of peaks in the Sierra Nevada in the U.S. state of California. It rises to 14009 feet (4270 m) and could be considered the thirteenth highest peak in the state but since the peak has less than 300 feet (91 m) of prominence it is usually considered a subsidiary peak of North Palisade.The first ascent was attempted by a party of very well known climbers. According to Norman Clyde only two of the group summited.,0
Company,Medișa River, The Medișa River is a tributary of the Pârâul Nou in Romania.,0
Company,Turvo River (Goiás), The Turvo River (Goiás) is a river of Goiás state in central Brazil.,0
Company,Argentine Peak, Argentine Peak is a mountain peak in the Front Range in central Colorado in the United States. It is located west of Georgetown along the Continental Divide and along the boundary between Clear Creek and Summit counties. The ridge of the range is traversed by Argentine Pass just to the north. Argentine Peak is one of over 600 thirteeners (peaks between 13000 and 13999 feet in elevation) in the state and is ranked as the 131st highest peak in Colorado by the most detailed count.,0
Company,Little Chief Mountain, Little Chief Mountain (9541 feet (2908 m)) is located in the Lewis Range Glacier National Park in the U.S. state of Montana. Little Chief Mountain is easily seen from the Going-to-the-Sun Road rising to the south of Saint Mary Lake.,0
Company,El Peñón de Guatapé, La Piedra Del Peñol (Spanish for The Rock of Guatapé) also known as El Peñol Stone or simply La Piedra (Spanish for The Stone) is a monolithic formation located at the town and municipality of Guatapé 1 km inside the city limits (86 km northeast of Medellín or 2 hours by bus) in Antioquia Colombia.,0
Company,Guolehis Suolojávri, Guolehis Suolojávri is a lake in the municipality of Kautokeino-Guovdageaidnu in Finnmark county Norway. The 6.12-square-kilometre (2.36 sq mi) lake lies about 300 metres (980 ft) west of the lake Suolojávri and about 12 kilometres (7.5 mi) north of the Norway-Finland border.,0
Company,Vălioara River, The Vălioara River is a tributary of the Răchitova River in Romania.,0
Company,Oița River, The Oița River is a tributary of the Bistriţa River in Romania.,0
Company,Papurí River, Papurí River is a river in South America. It emerges in the Vaupés Department of Colombia and flows east forming part of the international boundary between Colombia and the Amazonas state of Brazil. On the border it flows into the Uaupés River.,0
Company,Allqaqucha (Junín), Allqaqucha (Quechua allqa black-and-white qucha lake black-and-white lake hispanicized spelling Alcacocha) is a lake in Peru located in the Junín Region Junín Province Junín District. It is situated at a height of about 4359 metres (14301 ft) about 3.16 km long and 0.74 km at its widest point. Allqaqucha lies east of the lake Chinchayqucha and south-west of the smaller lake Yanaqucha.,0
Company,Tanggula Mountains, The Tanggula (Chinese: 唐古拉山 p Tánggǔlāshān or 唐古拉山脉 p Tánggǔlāshānmài) Tanglha or Dangla Mountains (Tibetan: གདང་ལ་། w Gdang La z Dang La) are a mountain range in the central part of the Tibetan Plateau in the People's Republic of China.</ref> Administratively the range is in the Nagqu prefecture of the Tibet Autonomous Region with the central section extending into the nearby town of Tanggula and the eastern section entering the Yushu Tibetan autonomous prefecture of Qinghai province.The Tanggula is the source of the Ulan Moron and Dangqu Rivers the geographic headwaters of the Yangtze. ,0
Company,Láhpojávri, Láhpojávri is a lake in the municipality of Kautokeino-Guovdageaidnu in Finnmark county Norway. The 8.17-square-kilometre (3.15 sq mi) lake lies on the Finnmarksvidda plateau the village of Láhpoluoppal lies on the southern tip of the lake.,0
Company,Dolomiti lucane, Dolomiti lucane is a mountain range in the province of Basilicata southern Italy. Located in the Southern Apennines and dominating the Basento Valley the range is at the heart of the Gallipoli Cognato Piccole Dolomiti Lucane Regional Park which also include the Gallipoli-Cognato forest. The range is named Dolomiti because of similarities to peaks in the Dolomites in northern Italy. The range was formed 15 million years ago.,0
Company,Jonku, Jonku is a medium-sized lake in the Iijoki main catchment area. It is located in Pudasjärvi municipality in the region of Northern Ostrobothnia in Finland. Jonku is also a village in the Pudasjärvi municipality.,0
Company,Lake Sakakawea, Lake Sakakawea is a reservoir in the Missouri River basin in central North Dakota. Named for the Shoshone-Hidatsa woman Sakakawea it is the largest man-made lake in North Dakota and the third largest in the United States after Lake Mead and Lake Powell. The lake lies in parts of six counties in western North Dakota: Dunn McKenzie McLean Mercer Mountrail and Williams.,0
Company,Váh, The Váh (German: Waag; Hungarian: Vág; Polish: Wag) is the longest river in Slovakia. Towns on the river include Liptovský Hrádok Liptovský Mikuláš Ružomberok Vrútky Žilina Bytča Považská Bystrica Púchov Ilava Dubnica nad Váhom Nemšová Trenčín Nové Mesto nad Váhom Piešťany Hlohovec Sereď Šaľa Kolárovo and Komárno.,0
Company,Zeifăn River, The Zeifăn River is a tributary of the Homorod River in Romania.,0
Company,Malaya Kokshaga River, The Malaya Kokshaga (Mari: Изи Какшан Izi Kakšan; Russian: Малая Кокша́га literally Little Kokshaga) is a 194 km-long river in Mari El a left tributary of the Volga. It originates in the northern part of the republic passes through its capital Yoshkar-Ola and flows to the Kuybyshev Reservoir Volga near Kokshaisk. The Malaya Kokshaga is mainly fed by snow. From November till April the river is frozen. The riverbed is meandering; there are many former river beds in the valley.,0
Company,Moanbane, Moanbane (Irish: Móin Bhán meaning White Bog) is a mountain in County Wicklow Ireland. At 703 metres (2306 ft) it is the 15th highest mountain in the Wicklow Mountains and the 107th highest summit in Ireland.,0
Company,Chismore Range, The Chismore Range is a small subrange of the Kitimat Ranges located on the western edge of Porcher Island British Columbia Canada.,0
Company,Trammer See, Trammer See is a lake in Landkreis Plön Schleswig-Holstein Germany. At an elevation of 20.03 m its surface area is 1.63 km².,0
Company,Maja e Papingut, Maja e Papingut is a peak of the Nemërçkë mountain ridge located in the south of Albania near the Vjosë river. Maja e Papingut is the highest point of Nemerçkë and the highest unshared peak in southern Albania at 2482 m (8143 ft) high. From the rocky summit there is a wonderful view of other Albanian and Greek mountains such as Tomorr and Gramos.,0
Company,Lake Leonard, Lake Leonard is a small freshwater crater lake in Mount Leonard (also known as Leonard Kniaseff) an andesitic-to-dacitic stratovolcano complex in the Leonard Mountain Range which is located 60 km northeast of Davao City Davao del Norte Province Philippines.,0
Company,Mirăslău River, The Mirăslău River (Hungarian:Miriszló-patak ) is a tributary of the Mureş River in Transylvania Romania.,0
Company,River Đáy, The Day River (Vietnamese: Sông Đáy) is a river in Vietnam. It was formerly known as Sông Hát or Hát Giang. The river is a distributary of the Red River draining into the Gulf of Tonkin.The river has a length of 240 km and has a drainage basin of more than 7500 km² flowing through Hanoi and the provinces of Hòa Bình Hà Nam Ninh Bình and Nam Định.,0
Company,Poe (crater), Poe crater is a crater on Mercury.,0
Company,Hanuman River, The Hanuman River (Thai: แควหนุมาน RTGS: Khwae Hanuman IPA: [kʰwɛː hànúmaːn]) originates in South San Kamphaeng Mountain Range the Khao Yai National park. It begins at the confluence of many small tributaries at Tambon Samphan Ta Na Di District Prachin Buri Province. It flows southward and joins the Phra Prong River to become the Prachin Buri River in Kabin Buri district Prachinburi Province. The river is 25 km long.,0
Company,Lake Lizzie, Lake Lizzie is a lake located in the townships of Dunn and Lida in Otter Tail County Minnesota.,0
Company,Cross Lake, Cross Lake is a lake on the border of Cayuga and Onondaga Counties in New York United States. The lake lies within the boundaries of the traditional Onondaga Indian Nation and is reputed in local tradition to be the boyhood home of Hiawatha the great peace maker. However Onondaga Lake is also said to be Hiawatha's home.Cross Lake has a maximum depth of 64 feet and has an average depth of 18 feet. The Seneca River flows west to east through the south end of the lake.,0
Company,Cle Elum Lake, Cle Elum Lake is a lake and reservoir along the course of the Cle Elum River in Washington state USA.,0
Company,Dent (fell), Dent is a small fell on the fringe of the English Lake District near the towns of Cleator Moor and Egremont. Sometimes known as Long Barrow it is traditionally the first fell encountered by hikers following Wainwright's Coast to Coast Walk.,0
Company,Petit Vélan, The Petit Vélan is a mountain of the Swiss Pennine Alps located south of Bourg-Saint-Pierre in the canton of Valais. It lies NW of Mont Vélan.,0
Company,Năianca River, The Năianca River is a tributary of the Ghighiu River in Romania.,0
Company,Sudeoksan, Sudeoksan is a mountain of South Korea. It has an elevation of 794 metres,0
Company,Săliște River (Craiova), The Săliște River is a tributary of the Craiova River in Romania.,0
Company,Carnedd y Ddelw, Carnedd y Ddelw is a summit in the Carneddau mountains in north Wales north-east of Foel-fras. It is the Nuttall top of Drum (Wales).Its eastern slopes are drained by the Afon Tafolog a tributary of Afon Roe which flows through the village of Rowen before joining the River Conwy. It is also the final top on Carnedd Llewelyn's long northern spur. To the north-west is Tal y Fan the most northerly 2000 ft mountain in the Carneddau and Wales.,0
Company,Mount Torment, Mount Torment is a 8120-foot (2470 m) peak in the North Cascades of Washington in the United States. It is located approximately 65 miles (105 km) northeast of the city of Everett.,0
Company,Waitekauri River, Not to be confused with the Waitekuri River.The Waitekauri River is a river of the Waikato Region of New Zealand's North Island. It flows south from the Coromandel Range at the foot of the Coromandel Peninsula to reach the Ohinemuri River six kilometres west of Waihi.,0
Company,Lochy River, The Lochy River is a river of New Zealand flowing into lower Lake Wakatipu.,0
Company,Acrodectes Peak, Acrodectes Peak is a mountain summit in Kings Canyon National Park in Fresno County California. The peak tops out at 13187 feet (4019 m). The peak was named after a rare cricket named Acrodectes philopagus found in the region.,0
Company,Mark Twain (crater), Mark Twain is a crater on Mercury. It has a diameter of 149 kilometers. Its name was adopted by the International Astronomical Union in 1976. Mark Twain is named for the American author Mark Twain who lived from 1835 to 1910.,0
Company,Skilak Lake, Skilak Lake is a large lake on the Kenai Peninsula Alaska. The lake is part of the Kenai River system but also contains glacial runoff. The water is exceptionally clear with a mostly rocky bottom relatively free of aquatic vegetation. It is within the Kenai National Wildlife Refuge and can be accessed by Skilak Lake Loop Road via the Sterling Highway. Maximum depth is 528 feet (161 m) it is 15 miles (24 km) long and up to 4 miles (6.4 km) wide in places.,0
,,,
,,,
,,,
,,,
,,,
,,,
,,,
,,,
,,,
,,,
,,,
,,,
,,,
,,,
,,,
,,,
,,,
,,,
,,,
,,,
,,,
,,,
,,,
,,,
,,,
,,,
,,,
,,,
,,,
,,,
,,,
,,,
,,,
,,,
,,,
,,,
,,,
,,,
,,,
,,,
,,,
,,,
,,,
,,,
,,,
,,,
,,,
,,,
,,,
,,,
,,,
,,,
,,,
,,,
,,,
,,,
,,,
,,,
,,,
,,,
,,,
,,,
,,,
,,,
,,,
,,,
,,,
,,,
,,,
,,,
,,,
,,,
,,,
,,,
,,,
,,,
,,,
,,,
,,,
,,,
,,,
,,,
,,,
,,,
,,,
,,,
,,,
,,,
,,,
,,,
,,,
,,,
,,,
,,,
,,,
,,,
,,,
,,,
,,,
,,,
,,,
,,,
,,,
,,,
,,,
,,,
,,,
,,,
,,,
,,,
,,,
,,,
,,,
,,,
,,,
,,,
,,,
,,,
,,,
,,,
,,,
,,,
,,,
,,,
,,,
,,,
,,,
,,,
,,,
,,,
,,,
,,,
,,,
,,,
,,,
,,,
,,,
,,,
,,,
,,,
,,,
,,,
,,,
,,,
,,,
,,,
,,,
,,,
,,,
,,,
,,,
,,,
,,,
,,,
,,,
,,,
,,,
,,,
,,,
,,,
,,,
,,,
,,,
,,,
,,,
,,,
,,,
,,,
,,,
,,,
,,,
,,,
,,,
,,,
,,,
,,,
,,,
,,,
,,,
,,,
,,,
,,,
,,,
,,,
,,,
,,,
,,,
,,,
,,,
,,,
,,,
,,,
,,,
,,,
,,,
,,,
,,,
,,,
,,,
,,,
,,,
,,,
,,,
,,,
,,,
,,,
,,,
,,,
,,,
,,,
,,,
,,,
,,,
,,,
,,,
,,,
,,,
,,,
,,,
,,,
,,,
,,,
,,,
,,,
,,,
,,,
,,,
,,,
,,,
,,,
,,,
,,,
,,,
,,,
,,,
,,,
,,,
,,,
,,,
,,,
,,,
,,,
,,,
,,,
,,,
,,,
,,,
,,,
,,,
,,,
,,,
,,,
,,,
,,,
,,,
,,,
,,,
,,,
,,,
,,,
,,,
,,,
,,,
,,,
,,,
,,,
,,,
,,,
,,,
,,,
,,,
,,,
,,,
,,,
,,,
,,,
,,,
,,,
,,,
,,,
,,,
,,,
,,,
,,,
,,,
,,,
,,,
,,,
,,,
,,,
,,,
,,,
,,,
,,,
,,,
,,,
,,,
,,,
,,,
,,,
,,,
,,,
,,,
,,,
,,,
,,,
,,,
,,,
,,,
,,,
,,,
,,,
,,,
,,,
,,,
,,,
,,,
,,,
,,,
,,,
,,,
,,,
,,,
,,,
,,,
,,,
,,,
,,,
,,,
,,,
,,,
,,,
,,,
,,,
,,,
,,,
,,,
,,,
,,,
,,,
,,,
,,,
,,,
,,,
,,,
,,,
,,,
,,,
,,,
,,,
,,,
,,,
,,,
,,,
,,,
,,,
,,,
,,,
,,,
,,,
,,,
,,,
,,,
,,,
,,,
,,,
,,,
,,,
,,,
,,,
,,,
,,,
,,,
,,,
,,,
,,,
,,,
,,,
,,,
,,,
,,,
,,,
,,,
,,,
,,,
,,,
,,,
,,,
,,,
,,,
,,,
,,,
,,,
,,,
,,,
,,,
,,,
,,,
,,,
,,,
,,,
,,,
,,,
,,,
,,,
,,,
,,,
,,,
,,,
,,,
,,,
,,,
,,,
,,,
,,,
,,,
,,,
,,,
,,,
,,,
,,,
,,,
,,,
,,,
,,,
,,,
,,,
,,,
,,,
,,,
,,,
,,,
,,,
,,,
,,,
,,,
,,,
,,,
,,,
,,,
,,,
,,,
,,,
,,,
,,,
,,,
,,,
,,,
,,,
,,,
,,,
,,,
,,,
,,,
,,,
,,,
,,,
,,,
,,,
,,,
,,,
,,,
,,,
,,,
,,,
,,,
,,,
,,,
,,,
,,,
,,,
,,,
,,,
,,,
,,,
,,,
,,,
,,,
,,,
,,,
,,,
,,,
,,,
,,,
,,,
,,,
,,,
,,,
,,,
,,,
,,,
,,,
,,,
,,,
,,,
,,,
,,,
,,,
,,,
,,,
,,,
,,,
,,,
,,,
,,,
,,,
,,,
,,,
,,,
,,,
,,,
,,,
,,,
,,,
,,,
,,,
,,,
,,,
,,,
,,,
,,,
,,,
,,,
,,,
,,,
,,,
,,,
,,,
,,,
,,,
,,,
,,,
,,,
,,,
,,,
,,,
,,,
,,,
,,,
,,,
,,,
,,,
,,,
,,,
,,,
,,,
,,,
,,,
,,,
,,,
,,,
,,,
,,,
,,,
,,,
,,,
,,,
,,,
,,,
,,,
,,,
,,,
,,,
,,,
,,,
,,,
,,,
,,,
,,,
,,,
,,,
,,,
,,,
,,,
,,,
,,,
,,,
,,,
,,,
,,,
,,,
,,,
,,,
,,,
,,,
,,,
,,,
,,,
,,,
,,,
,,,
,,,
,,,
,,,
,,,
,,,
,,,
,,,
,,,
,,,
,,,
,,,
,,,
,,,
,,,
,,,
,,,
,,,
,,,
,,,
,,,
,,,
,,,
,,,
,,,
,,,
,,,
,,,
,,,
,,,
,,,
,,,
,,,
,,,
,,,
,,,
,,,
,,,
,,,
,,,
,,,
,,,
,,,
,,,
,,,
,,,
,,,
,,,
,,,
,,,
,,,
,,,
,,,
,,,
,,,
,,,
,,,
,,,
,,,
,,,
,,,
,,,
,,,
,,,
,,,
,,,
,,,
,,,
,,,
,,,
,,,
,,,
,,,
,,,
,,,
,,,
,,,
,,,
,,,
,,,
,,,
,,,
,,,
,,,
,,,
,,,
,,,
,,,
,,,
,,,
,,,
,,,
,,,
,,,
,,,
,,,
,,,
,,,
,,,
,,,
,,,
,,,
,,,
,,,
,,,
,,,
,,,
,,,
,,,
,,,
,,,
,,,
,,,
,,,
,,,
,,,
,,,
,,,
,,,
,,,
,,,
,,,
,,,
,,,
,,,
,,,
,,,
,,,
,,,
,,,
,,,
,,,
,,,
,,,
,,,
,,,
,,,
,,,
,,,
,,,
,,,
,,,
,,,
,,,
,,,
,,,
,,,
,,,
,,,
,,,
,,,
,,,
,,,
,,,
,,,
,,,
,,,
,,,
,,,
,,,
,,,
,,,
,,,
,,,
,,,
,,,
,,,
,,,
,,,
,,,
,,,
,,,
,,,
,,,
,,,
,,,
,,,
,,,
,,,
,,,
,,,
,,,
,,,
,,,
,,,
,,,
,,,
,,,
,,,
,,,
,,,
,,,
,,,
,,,
,,,
,,,
,,,
,,,
,,,
,,,
,,,
,,,
,,,
,,,
,,,
,,,
,,,
,,,
,,,
,,,
,,,
,,,
,,,
,,,
,,,
,,,
,,,
,,,
,,,
,,,
,,,
,,,
,,,
,,,
,,,
,,,
,,,
,,,
,,,
,,,
,,,
,,,
,,,
,,,
,,,
,,,
,,,
,,,
,,,
,,,
,,,
,,,
,,,
,,,
,,,
,,,
,,,
,,,
,,,
,,,
,,,
,,,
,,,
,,,
,,,
,,,
,,,
,,,
,,,
,,,
,,,
,,,
,,,
,,,
,,,
,,,
,,,
,,,
,,,
,,,
,,,
,,,
,,,
,,,
,,,
,,,
,,,
,,,
,,,
,,,
,,,
,,,
,,,
,,,
,,,
,,,
,,,
,,,
,,,
,,,
,,,
,,,
,,,
,,,
,,,
,,,
,,,
,,,
,,,
,,,
,,,
,,,
,,,
,,,
,,,
,,,
,,,
,,,
,,,
,,,
,,,
,,,
,,,
,,,
,,,
,,,
,,,
,,,
,,,
,,,
,,,
,,,
,,,
,,,
,,,
,,,
,,,
,,,
,,,
,,,
,,,
,,,
,,,
,,,
,,,
,,,
,,,
,,,
,,,
,,,
,,,
,,,
,,,
,,,
,,,
,,,
,,,
,,,
,,,
,,,
,,,
,,,
,,,
,,,
,,,
,,,
,,,
,,,
,,,
,,,
,,,
,,,
,,,
,,,
,,,
,,,
,,,
,,,
,,,
,,,
,,,
,,,
,,,
,,,
,,,
,,,
,,,
,,,
,,,
,,,
,,,
,,,
,,,
,,,
,,,
,,,
,,,
,,,
,,,
,,,
,,,
,,,
,,,
,,,
,,,
,,,
,,,
,,,
,,,
,,,
,,,
,,,
,,,
,,,
,,,
,,,
,,,
,,,
,,,
,,,
,,,
,,,
,,,
,,,
,,,
,,,
,,,
,,,
,,,
,,,
,,,
,,,
,,,
,,,
,,,
,,,
,,,
,,,
,,,
,,,
,,,
,,,
,,,
,,,
,,,
,,,
,,,
,,,
,,,
,,,
,,,
,,,
,,,
,,,
,,,
,,,
,,,
,,,
,,,
,,,
,,,
,,,
,,,
,,,
,,,
,,,
,,,
,,,
,,,
,,,
,,,
,,,
,,,
,,,
,,,
,,,
,,,
,,,
,,,
,,,
,,,
,,,
,,,
,,,
,,,
,,,
,,,
,,,
,,,
,,,
,,,
,,,
,,,
,,,
,,,
,,,
,,,
,,,
,,,
,,,
,,,
,,,
,,,
,,,
,,,
,,,
,,,
,,,
,,,
,,,
,,,
,,,
,,,
,,,
,,,
,,,
,,,
,,,
,,,
,,,
,,,
,,,
,,,
,,,
,,,
,,,
,,,
,,,
,,,
,,,
,,,
,,,
,,,
,,,
,,,
,,,
,,,
,,,
,,,
,,,
,,,
,,,
,,,
,,,
,,,
,,,
,,,
,,,
,,,
,,,
,,,
,,,
,,,
,,,
,,,
,,,
,,,
,,,
,,,
,,,
,,,
,,,
,,,
,,,
,,,
,,,
,,,
,,,
,,,
,,,
,,,
,,,
,,,
,,,
,,,
,,,
,,,
,,,
,,,
,,,
,,,
,,,
,,,
,,,
,,,
,,,
,,,
,,,
,,,
,,,
,,,
,,,
,,,
,,,
,,,
,,,
,,,
,,,
,,,
,,,
,,,
,,,
,,,
,,,
,,,
,,,
,,,
,,,
,,,
,,,
,,,
,,,
,,,
,,,
,,,
,,,
,,,
,,,
,,,
,,,
,,,
,,,
,,,
,,,
,,,
,,,
,,,
,,,
,,,
,,,
,,,
,,,
,,,
,,,
,,,
,,,
,,,
,,,
,,,
,,,
,,,
,,,
,,,
,,,
,,,
,,,
,,,
,,,
,,,
,,,
,,,
,,,
,,,
,,,
,,,
,,,
,,,
,,,
,,,
,,,
,,,
,,,
,,,
,,,
,,,
,,,
,,,
,,,
,,,
,,,
,,,
,,,
,,,
,,,
,,,
,,,
,,,
,,,
,,,
,,,
,,,
,,,
,,,
,,,
,,,
,,,
,,,
,,,
,,,
,,,
,,,
,,,
,,,
,,,
,,,
,,,
,,,
,,,
,,,
,,,
,,,
,,,
,,,
,,,
,,,
,,,
,,,
,,,
,,,
,,,
,,,
,,,
,,,
,,,
,,,
,,,
,,,
,,,
,,,
,,,
,,,
,,,
,,,
,,,
,,,
,,,
,,,
,,,
,,,
,,,
,,,
,,,
,,,
